Plugin	FormID	EDID - Editor ID	ANAM - Male Title	BNAM - Female Title	PTPR - Is Prefix	PTSU - Is Suffix	Conditions
SeventySix.esm	007A8A62	PlayerTitles_Prefix_Old	Old	Old	True	False	None
SeventySix.esm	007A8A60	ATX_PlayerTitles_Prefix_NukaCola	Nuka-Cola	Nuka-Cola	True	False	(blank condition)
SeventySix.esm	007A8A63	DEL_PlayerTitles_Prefix_Clever	Clever	Clever	True	False	None
SeventySix.esm	007A8A65	DEL_PlayerTitles_Suffix_Fool	Fool	Fool	False	True	None
SeventySix.esm	007A8A61	PlayerTitles_Prefix_Young	Young	Young	True	False	None
SeventySix.esm	007A8A64	PlayerTitles_Suffix_Adventurer	Adventurer	Adventurer	False	True	None
SeventySix.esm	007A8CE9	ATX_PlayerTitles_Prefix_Midnight	Midnight	Midnight	True	False	(blank condition)
SeventySix.esm	007A8CEA	ATX_PlayerTitles_Suffix_Speakeasy	Speakeasy	Speakeasy	False	True	(blank condition)
SeventySix.esm	007A8CEB	ATX_PlayerTitles_Prefix_Suffix_Dog	Dog	Dog	True	True	(blank condition)
SeventySix.esm	007A8CEC	ATX_PlayerTitles_Prefix_Suffix_Cat	Cat	Cat	True	True	(blank condition)
SeventySix.esm	007A8CE4	ATX_PlayerTitles_Suffix_Gulper	Gulper	Gulper	False	True	(blank condition)
SeventySix.esm	007A8CE5	ATX_PlayerTitles_Prefix_Gleaming	Gleaming	Gleaming	True	False	(blank condition)
SeventySix.esm	007A8CE6	ATX_PlayerTitles_Suffix_Technician	Technician	Technician	False	True	(blank condition)
SeventySix.esm	007A8CE8	ATX_PlayerTitles_Suffix_Cold	Cold	Cold	False	True	(blank condition)
SeventySix.esm	007A8CE7	ATX_PlayerTitles_Prefix_Ice	Ice	Ice	True	False	(blank condition)
SeventySix.esm	007A8D05	SCORE_S16_PlayerTitles_Prefix_Devilish	Devilish	Devilish	True	False	(blank condition)
SeventySix.esm	007A8CFD	SCORE_S8_PlayerTitles_Prefix_Underground	Underground	Underground	True	False	(blank condition)
SeventySix.esm	007A8CF9	SCORE_S4_PlayerTitles_Suffix_ColdSteel	Cold Steel	Cold Steel	False	True	(blank condition)
SeventySix.esm	007A8CF7	SCORE_S2_PlayerTitles_Suffix_Subjugator	Subjugator	Subjugator	False	True	(blank condition)
SeventySix.esm	007A8CF6	SCORE_S1_PlayerTitles_Suffix_LegendaryRun	Legendary Run	Legendary Run	False	True	(blank condition)
SeventySix.esm	007A8CFE	SCORE_S9_PlayerTitles_Prefix_H-4RT	H-4RT	H-4RT	True	False	(blank condition)
SeventySix.esm	007A8D06	SCORE_S17_PlayerTitles_Suffix_Camper	Camper	Camper	False	True	(blank condition)
SeventySix.esm	007A8D04	SCORE_S15_PlayerTitles_Suffix_Dealer	Dealer	Dealer	False	True	(blank condition)
SeventySix.esm	007A8CFC	SCORE_S7_PlayerTitles_Prefix_Zorbos	Zorbo's	Zorbo's	True	False	(blank condition)
SeventySix.esm	007A8D02	SCORE_S13_PlayerTitles_Suffix_MovieStar	Movie Star	Movie Star	False	True	(blank condition)
SeventySix.esm	007A8CF8	SCORE_S3_PlayerTitles_Suffix_AvalonScribe	Avalon Scribe	Avalon Scribe	False	True	(blank condition)
SeventySix.esm	007A8D00	SCORE_S11_PlayerTitles_Prefix_NukaWorld	Nuka-World	Nuka-World	True	False	(blank condition)
SeventySix.esm	007A8CFA	SCORE_S5_PlayerTitles_Prefix_MIND	M.I.N.D.	M.I.N.D.	True	False	(blank condition)
SeventySix.esm	007A8D07	SCORE_S18_PlayerTitles_Suffix_Driver	Driver	Driver	False	True	(blank condition)
SeventySix.esm	007A8D03	SCORE_S14_PlayerTitles_Prefix_Freedom	Freedom	Freedom	True	False	(blank condition)
SeventySix.esm	007A8CFB	SCORE_S6_PlayerTitles_Prefix_Diabolicals	Diabolicals	Diabolicals	True	False	(blank condition)
SeventySix.esm	007A8CFF	SCORE_S10_PlayerTitles_Suffix_Steeled	Steeled	Steeled	False	True	(blank condition)
SeventySix.esm	007A8D01	SCORE_S12_PlayerTitles_Prefix_Daring	Daring	Daring	True	False	(blank condition)
SeventySix.esm	007A95CD	SCORE_S19_PlayerTitles_Prefix_Hellfire	Hellfire	Hellfire	True	False	(blank condition)
SeventySix.esm	007A95CE	SCORE_S19_PlayerTitles_Prefix_mad	Mad	Mad	True	False	(blank condition)
SeventySix.esm	007A95CF	SCORE_S19_PlayerTitles_Suffix_Scientist	Scientist	Scientist	False	True	(blank condition)
SeventySix.esm	007A95D0	SCORE_S19_PlayerTitles_Suffix_Experimenter	Experimenter	Experimenter	False	True	(blank condition)
SeventySix.esm	007A95D1	SCORE_S19_PlayerTitles_Suffix_Delver	Delver	Delver	False	True	(blank condition)
SeventySix.esm	007A95D2	SCORE_S19_PlayerTitles_Suffix_Trooper	Trooper	Trooper	False	True	(blank condition)
SeventySix.esm	007A95D3	SCORE_S19_PlayerTitles_Suffix_ScienceOfficer	Science Officer	Science Officer	False	True	(blank condition)
SeventySix.esm	007A9604	PlayerTitles_Lifetime_Prefix_Revitalizing	Revitalizing	Revitalizing	True	False	(blank condition)
SeventySix.esm	007A9600	PlayerTitles_Lifetime_Suffix_Survivor	Survivor	Survivor	False	True	(blank condition)
SeventySix.esm	007A95FE	PlayerTitles_Lifetime_Suffix_ToughHunter	Tough Hunter	Tough Hunter	False	True	(blank condition)
SeventySix.esm	007A95FD	PlayerTitles_Lifetime_Suffix_AdoringFan	Adoring Fan	Adoring Fan	False	True	(blank condition)
SeventySix.esm	007A9603	PlayerTitles_Lifetime_Prefix_Stinky	Stinky	Stinky	True	False	(blank condition)
SeventySix.esm	007A95FF	PlayerTitles_Lifetime_Suffix_Workshop	Workshop	Workshop	False	True	(blank condition)
SeventySix.esm	007A9601	PlayerTitles_Lifetime_Prefix_Cryptozoologist	Cryptozoologist	Cryptozoologist	True	False	(blank condition)
SeventySix.esm	007A9602	PlayerTitles_Lifetime_Prefix_Chef	Chef	Chef	True	False	(blank condition)
SeventySix.esm	007A96DD	PlayerTitles_Suffix_Gardener	Gardener	Gardener	False	True	(blank condition)
SeventySix.esm	007A96DC	PlayerTitles_Prefix_Spooky	Spooky	Spooky	True	False	(blank condition)
SeventySix.esm	007AC45A	PlayerTitles_Prefix_Appalachian	Appalachian	Appalachian	True	False	None
SeventySix.esm	007AC452	DEL_PlayerTitles_Prefix_Apprentice	Apprentice	Apprentice	True	False	None
SeventySix.esm	007AC44E	DEL_PlayerTitles_Prefix_Grave	Grave	Grave	True	False	None
SeventySix.esm	007AC44C	DEL_PlayerTitles_Prefix_Dirty	Dirty	Dirty	True	False	None
SeventySix.esm	007AC44B	PlayerTitles_Prefix_Helpful	Helpful	Helpful	True	False	None
SeventySix.esm	007AC463	PlayerTitles_Suffix_Scavenger	Scavenger	Scavenger	False	True	None
SeventySix.esm	007AC44D	DEL_PlayerTitles_Prefix_Giant	Giant	Giant	True	False	None
SeventySix.esm	007AC461	PlayerTitles_Suffix_Explorer	Explorer	Explorer	False	True	None
SeventySix.esm	007AC455	DEL_PlayerTitles_Prefix_Rotten	Rotten	Rotten	True	False	None
SeventySix.esm	007AC45F	DEL_PlayerTitles_Suffix_Dread	Dread	Dread	False	True	None
SeventySix.esm	007AC44F	PlayerTitles_Prefix_Prepared	Prepared	Prepared	True	False	None
SeventySix.esm	007AC45D	DEL_PlayerTitles_Suffix_Culprit	Culprit	Culprit	False	True	None
SeventySix.esm	007AC453	DEL_PlayerTitles_Prefix_Ferocious	Ferocious	Ferocious	True	False	None
SeventySix.esm	007AC45B	PlayerTitles_Suffix_Commoner	Commoner	Commoner	False	True	None
SeventySix.esm	007AC459	DEL_PlayerTitles_Prefix_Dire	Dire	Dire	True	False	None
SeventySix.esm	007AC451	DEL_PlayerTitles_Prefix_Distracted	Distracted	Distracted	True	False	None
SeventySix.esm	007AC457	DEL_PlayerTitles_Prefix_Bossy	Bossy	Bossy	True	False	None
SeventySix.esm	007AC450	DEL_PlayerTitles_Prefix_Malicious	Malicious	Malicious	True	False	None
SeventySix.esm	007AC460	DEL_PlayerTitles_Suffix_Assailant	Assailant	Assailant	False	True	None
SeventySix.esm	007AC454	DEL_PlayerTitles_Prefix_Natural	Natural	Natural	True	False	None
SeventySix.esm	007AC45C	DEL_PlayerTitles_Suffix_Baron	Baron	Baron	False	True	None
SeventySix.esm	007AC458	DEL_PlayerTitles_Prefix_Foolish	Foolish	Foolish	True	False	None
SeventySix.esm	007AC456	DEL_PlayerTitles_Prefix_Hasty	Hasty	Hasty	True	False	None
SeventySix.esm	007AC45E	DEL_PlayerTitles_Suffix_Beast	Beast	Beast	False	True	None
SeventySix.esm	007AC462	DEL_PlayerTitles_Suffix_Miner	Miner	Miner	False	True	None
SeventySix.esm	007AE16D	DEL_RD01_PlayerTitles_Suffix_VulcanSmasher	Vulcan Smasher	Vulcan Smasher	False	True	None
SeventySix.esm	007AE15D	RD01_PlayerTitles_Suffix_GleamingDestroyer	Gleaming Destroyer	Gleaming Destroyer	False	True	(blank condition)
SeventySix.esm	007AE155	DEL_RD01_PlayerTitles_Suffix_RAIDWarrior	RAID Warrior	RAID Warrior	False	True	None
SeventySix.esm	007AE151	DEL_RD01_PlayerTitles_Suffix_VulcanMaster	Vulcan Master	Vulcan Master	False	True	None
SeventySix.esm	007AE14F	DEL_RD01_PlayerTitles_Suffix_SnakeSmasher	Snake Smasher	Snake Smasher	False	True	None
SeventySix.esm	007AE14E	DEL_RD01_PlayerTitles_Suffix_SnakeTamer	Snake Tamer	Snake Tamer	False	True	None
SeventySix.esm	007AE156	DEL_RD01_PlayerTitles_Suffix_BotSlayer	Bot Slayer	Bot Slayer	False	True	None
SeventySix.esm	007AE170	RD01_PlayerTitles_Suffix_LabSlayer	Lab Slayer	Lab Slayer	False	True	(blank condition)
SeventySix.esm	007AE15E	RD01_PlayerTitles_Suffix_SquadSlayer	Squad Slayer	Squad Slayer	False	True	(blank condition)
SeventySix.esm	007AE16E	RD01_PlayerTitles_Suffix_DrillSlayer	Drill Slayer	Drill Slayer	False	True	(blank condition)
SeventySix.esm	007AE16C	DEL_RD01_PlayerTitles_Suffix_DrillSmasher	Drill Smasher	Drill Smasher	False	True	None
SeventySix.esm	007AE15C	RD01_PlayerTitles_Suffix_SquadEradicator	Squad Eradicator	Squad Eradicator	False	True	(blank condition)
SeventySix.esm	007AE16A	RD01_PlayerTitles_Suffix_SerpentDestroyer	Serpent Destroyer	Serpent Destroyer	False	True	(blank condition)
SeventySix.esm	007AE154	RD01_PlayerTitles_Suffix_DrillEradicator	Drill Eradicator	Drill Eradicator	False	True	(blank condition)
SeventySix.esm	007AE168	DEL_RD01_PlayerTitles_Suffix_DrillSlayerOld	Drill Slayer	Drill Slayer	False	True	None
SeventySix.esm	007AE15A	RD01_PlayerTitles_Suffix_DrillDestroyer	Drill Destroyer	Drill Destroyer	False	True	(blank condition)
SeventySix.esm	007AE166	RD01_PlayerTitles_Suffix_GleamingSlayer	Gleaming Slayer	Gleaming Slayer	False	True	(blank condition)
SeventySix.esm	007AE150	RD01_PlayerTitles_Suffix_GleamingEradicator	Gleaming Eradicator	Gleaming Eradicator	False	True	(blank condition)
SeventySix.esm	007AE164	DEL_RD01_PlayerTitles_Suffix_VulcanTamer	Vulcan Tamer	Vulcan Tamer	False	True	None
SeventySix.esm	007AE158	DEL_RD01_PlayerTitles_Suffix_RAIDMaster	RAID Master	RAID Master	False	True	None
SeventySix.esm	007AE162	RD01_PlayerTitles_Suffix_SerpentSlayer	Serpent Slayer	Serpent Slayer	False	True	(blank condition)
SeventySix.esm	007AE152	DEL_RD01_PlayerTitles_Suffix_SquadSmasher	Squad Smasher	Squad Smasher	False	True	None
SeventySix.esm	007AE160	DEL_RD01_PlayerTitles_Suffix_SquadTamer	Squad Tamer	Squad Tamer	False	True	None
SeventySix.esm	007AE15F	RD01_PlayerTitles_Suffix_SquadDestroyer	Squad Destroyer	Squad Destroyer	False	True	(blank condition)
SeventySix.esm	007AE16F	DEL_RD01_PlayerTitles_Suffix_SquadBeater	Squad Beater	Squad Beater	False	True	None
SeventySix.esm	007AE16B	DEL_RD01_PlayerTitles_Suffix_BotCharmer	Bot Charmer	Bot Charmer	False	True	None
SeventySix.esm	007AE15B	RD01_PlayerTitles_Suffix_LabDestroyer	Lab Destroyer	Lab Destroyer	False	True	(blank condition)
SeventySix.esm	007AE167	RD01_PlayerTitles_Suffix_LabEradicator	Lab Eradicator	Lab Eradicator	False	True	(blank condition)
SeventySix.esm	007AE153	DEL_RD01_PlayerTitles_Suffix_BotMaster	Bot Master	Bot Master	False	True	None
SeventySix.esm	007AE163	RD01_PlayerTitles_Suffix_GuardianEradicator	Guardian Eradicator	Guardian Eradicator	False	True	(blank condition)
SeventySix.esm	007AE157	DEL_RD01_PlayerTitles_Suffix_RAIDRookie	RAID Rookie	RAID Rookie	False	True	None
SeventySix.esm	007AE171	RD01_PlayerTitles_Suffix_GuardianSlayer	Guardian Slayer	Guardian Slayer	False	True	(blank condition)
SeventySix.esm	007AE169	RD01_PlayerTitles_Suffix_SerpentEradicator	Serpent Eradicator	Serpent Eradicator	False	True	(blank condition)
SeventySix.esm	007AE159	RD01_PlayerTitles_Suffix_GuardianDestroyer	Guardian Destroyer	Guardian Destroyer	False	True	(blank condition)
SeventySix.esm	007AE161	DEL_RD01_PlayerTitles_Suffix_SnakeMaster	Snake Master	Snake Master	False	True	None
SeventySix.esm	007AE165	DEL_RD01_PlayerTitles_Suffix_DrillCharmer	Drill Charmer	Drill Charmer	False	True	None
SeventySix.esm	007AEE4E	ATX_F1_PlayerTitles_Prefix_Suffix_First	First	First	True	True	(blank condition)
SeventySix.esm	007AEE4D	ATX_F1_PlayerTitles_Prefix_Suffix_Fallout	Fallout	Fallout	True	True	(blank condition)
SeventySix.esm	007AEEB9	PlayerTitles_Suffix_Teammate	Teammate	Teammate	False	True	None
SeventySix.esm	007AEEB8	PlayerTitles_Suffix_Resident	Resident	Resident	False	True	None
SeventySix.esm	007B112F	PlayerTitles_Prefix_Bold	Bold	Bold	True	False	(blank condition)
SeventySix.esm	007B2468	PlayerTitles_Suffix_Researcher	Researcher	Researcher	False	True	(blank condition)
SeventySix.esm	007B2469	PlayerTitles_Prefix_Festive	Festive	Festive	True	False	(blank condition)
SeventySix.esm	007B246A	PlayerTitles_Suffix_Cultist	Cultist	Cultist	False	True	(blank condition)
SeventySix.esm	007B246B	PlayerTitles_Suffix_Rumbler	Rumbler	Rumbler	False	True	(blank condition)
SeventySix.esm	007B246C	PlayerTitles_Suffix_HappyCamper	Happy Camper	Happy Camper	False	True	(blank condition)
SeventySix.esm	007B246D	PlayerTitles_Suffix_Landlord	Landlord	Landlord	False	True	(blank condition)
SeventySix.esm	007B246E	PlayerTitles_Suffix_Invader	Invader	Invader	False	True	(blank condition)
SeventySix.esm	007B246F	PlayerTitles_Suffix_Carnivore	Carnivore	Carnivore	False	True	(blank condition)
SeventySix.esm	007B2473	PlayerTitles_Suffix_Goblin	Goblin	Goblin	False	True	(blank condition)
SeventySix.esm	007B2470	PlayerTitles_Prefix_Masked	Masked	Masked	True	False	(blank condition)
SeventySix.esm	007B2471	PlayerTitles_Prefix_Mutated	Mutated	Mutated	True	False	(blank condition)
SeventySix.esm	007B2472	PlayerTitles_Suffix_CattleRustler	Cattle Rustler	Cattle Rustler	False	True	(blank condition)
SeventySix.esm	007B2474	PlayerTitles_Prefix_Glowing	Glowing	Glowing	True	False	(blank condition)
SeventySix.esm	007B2466	PlayerTitles_Suffix_Surveyor	Surveyor	Surveyor	False	True	(blank condition)
SeventySix.esm	007B2467	PlayerTitles_Suffix_Zookeeper	Zookeeper	Zookeeper	False	True	(blank condition)
SeventySix.esm	007B2481	PlayerTitles_Suffix_BrotherhoodInitiate	Brotherhood Initiate	Brotherhood Initiate	False	True	(blank condition)
SeventySix.esm	007B247D	PlayerTitles_Suffix_Dweller	Dweller	Dweller	False	True	(blank condition) | (blank condition) | (blank condition)
SeventySix.esm	007B247B	PlayerTitles_Suffix_OfWorlds	Of Worlds	Of Worlds	False	True	(blank condition)
SeventySix.esm	007B247A	PlayerTitles_Prefix_Lost	Lost	Lost	True	False	(blank condition)
SeventySix.esm	007B2482	PlayerTitles_Prefix_Vault	Vault	Vault	True	False	(blank condition) | (blank condition) | (blank condition)
SeventySix.esm	007B2480	PlayerTitles_Prefix_Responder	Responder	Responder	True	False	(blank condition)
SeventySix.esm	007B2486	PlayerTitles_Suffix_KnightErrant	Knight-Errant	Knight-Errant	False	True	(blank condition)
SeventySix.esm	007B247C	PlayerTitles_Prefix_Golden	Golden	Golden	True	False	(blank condition)
SeventySix.esm	007B2484	PlayerTitles_Suffix_QualityTester	Quality Tester	Quality Tester	False	True	(blank condition)
SeventySix.esm	007B247E	PlayerTitles_Prefix_Destroyer	Destroyer	Destroyer	True	False	(blank condition)
SeventySix.esm	007B2483	PlayerTitles_Suffix_FireBreather	Fire-Breather	Fire-Breather	False	True	(blank condition)
SeventySix.esm	007B2487	PlayerTitles_Prefix_Rebel	Rebel	Rebel	True	False	(blank condition)
SeventySix.esm	007B247F	PlayerTitles_Suffix_DevilsAdvocate	Devil's Advocate	Devil's Advocate	False	True	(blank condition)
SeventySix.esm	007B2485	PlayerTitles_Prefix_General	General	General	True	False	(blank condition)
SeventySix.esm	007BC2B6	PTS_PlayerTitles_Suffix_PublicTester	Public Tester	Public Tester	False	True	(blank condition)
SeventySix.esm	007D2A28	SCORE_S20_PlayerTitles_Prefix_Sickly	Sickly	Sickly	True	False	(blank condition)
SeventySix.esm	007D2A29	SCORE_S20_PlayerTitles_Prefix_Abominable	Abominable	Abominable	True	False	(blank condition)
SeventySix.esm	007D2A2A	SCORE_S20_PlayerTitles_Suffix_Cannibal	Cannibal	Cannibal	False	True	(blank condition)
SeventySix.esm	007D2A2B	SCORE_S20_PlayerTitles_Prefix_Rotten	Rotten	Rotten	True	False	(blank condition)
SeventySix.esm	007D2A2C	SCORE_S20_PlayerTitles_Prefix_Irradiated	Irradiated	Irradiated	True	False	(blank condition)
SeventySix.esm	007D2A23	SCORE_S20_PlayerTitles_Prefix_Ghastly	Ghastly	Ghastly	True	False	(blank condition)
SeventySix.esm	007D2A24	SCORE_S20_PlayerTitles_Prefix_Feral	Feral	Feral	True	False	(blank condition)
SeventySix.esm	007D2A25	SCORE_S20_PlayerTitles_Prefix_Ghoulish	Ghoulish	Ghoulish	True	False	(blank condition)
SeventySix.esm	007D2A27	SCORE_S20_PlayerTitles_Prefix_Undead	Undead	Undead	True	False	(blank condition)
SeventySix.esm	007D2A26	SCORE_S20_PlayerTitles_Suffix_Zombie	Zombie	Zombie	False	True	(blank condition)
SeventySix.esm	007D6A18	ATX_PlayerTitles_Suffix_Rascal	Rascal	Rascal	False	True	(blank condition)
SeventySix.esm	007D6A1B	ATX_PlayerTitles_Prefix_Vintage	Vintage	Vintage	True	False	(blank condition)
SeventySix.esm	007D6A17	ATX_PlayerTitles_Prefix_Abandoned	Abandoned	Abandoned	True	False	(blank condition)
SeventySix.esm	007D6A19	ATX_PlayerTitles_Prefix_Suffix_Queen	Queen	Queen	True	True	(blank condition)
SeventySix.esm	007D6A1A	ATX_PlayerTitles_Prefix_Fizzy	Fizzy	Fizzy	True	False	(blank condition)
SeventySix.esm	007D70D6	GHL_PlayerTitles_Suffix_GlowingOne	Glowing One	Glowing One	False	True	(blank condition)
SeventySix.esm	007D70D5	GHL_PlayerTitles_Prefix_Rad	Rad	Rad	True	False	(blank condition)
SeventySix.esm	007F55EE	ATX_PlayerTitles_Prefix_Radiant	Radiant	Radiant	True	False	(blank condition)
SeventySix.esm	007F55EF	ATX_PlayerTitles_Prefix_Polluted	Polluted	Polluted	True	False	(blank condition)
SeventySix.esm	007F55EB	ATX_PlayerTitles_Suffix_JunkyardDog	Junkyard Dog	Junkyard Dog	False	True	(blank condition)
SeventySix.esm	007F55F0	ATX_PlayerTitles_Prefix_Apothecary	Apothecary	Apothecary	True	False	(blank condition)
SeventySix.esm	007F55EC	ATX_PlayerTitles_Suffix_GasJockey	Gas Jockey	Gas Jockey	False	True	(blank condition)
SeventySix.esm	007F55ED	ATX_PlayerTitles_Suffix_TheWatcher	The Watcher	The Watcher	False	True	(blank condition)
SeventySix.esm	007CF92B	Fishing_PlayerTitles_Prefix_Suffix_Captain	Captain	Captain	True	True	(blank condition)
SeventySix.esm	008033F0	Fishing_PlayerTitles_Suffix_Lunker	Lunker	Lunker	False	True	(blank condition)
SeventySix.esm	00805AC2	Fishing_PlayerTitles_Suffix_OfTheMonth	Of the Month	Of the Month	False	True	(blank condition)
SeventySix.esm	00805AC3	Fishing_PlayerTitles_Prefix_Suffix_Axolotl	Axolotl	Axolotl	True	True	(blank condition)
SeventySix.esm	008092CA	SCORE_MiniSeason_2025_AppalachianOutlaws_PlayerTitles_Suffix_Outlaw	Outlaw	Outlaw	False	True	(blank condition)
SeventySix.esm	0080A114	ATX_PlayerTitles_Suffix_Cosmonaut	Cosmonaut	Cosmonaut	False	True	(blank condition)
SeventySix.esm	0080A115	ATX_PlayerTitles_Prefix_Jagged	Jagged	Jagged	True	False	(blank condition)
SeventySix.esm	0080A116	ATX_PlayerTitles_Prefix_Contaminated	Contaminated	Contaminated	True	False	(blank condition)
SeventySix.esm	00815504	SCORE_S21_PlayerTitles_Suffix_Theorist	Theorist	Theorist	False	True	(blank condition)
SeventySix.esm	008154FE	SCORE_S21_PlayerTitles_Suffix_Bobber	Bobber	Bobber	False	True	(blank condition)
SeventySix.esm	008154FF	SCORE_S21_PlayerTitles_Prefix_Untangled	Untangled	Untangled	True	False	(blank condition)
SeventySix.esm	00815500	SCORE_S21_PlayerTitles_Prefix_Sturdy	Sturdy	Sturdy	True	False	(blank condition)
SeventySix.esm	00815501	SCORE_S21_PlayerTitles_Prefix_Reeling	Reeling	Reeling	True	False	(blank condition)
SeventySix.esm	00815502	SCORE_S21_PlayerTitles_Suffix_Angler	Angler	Angler	False	True	(blank condition)
SeventySix.esm	008154FD	SCORE_S21_PlayerTitles_Prefix_Paranoid	Paranoid	Paranoid	True	False	(blank condition)
SeventySix.esm	00815503	SCORE_S21_PlayerTitles_Suffix_Trawler	Trawler	Trawler	False	True	(blank condition)
SeventySix.esm	00816192	ATX_PlayerTitles_Prefix_Patriotic	Patriotic	Patriotic	True	False	(blank condition)
SeventySix.esm	00816190	ATX_PlayerTitles_Suffix_Buoy	Buoy	Buoy	False	True	(blank condition)
SeventySix.esm	0081618F	ATX_PlayerTitles_Prefix_Contessa	Contessa	Contessa	True	False	(blank condition)
SeventySix.esm	00816193	ATX_PlayerTitles_Suffix_Mannequin	Mannequin	Mannequin	False	True	(blank condition)
SeventySix.esm	00816194	ATX_PlayerTitles_Suffix_Gamer	Gamer	Gamer	False	True	(blank condition)
SeventySix.esm	00816191	ATX_PlayerTitles_Suffix_Floater	Floater	Floater	False	True	(blank condition)
SeventySix.esm	00816195	ATX_PlayerTitles_Prefix_Switchback	Switchback	Switchback	True	False	(blank condition)
SeventySix.esm	00803E25	ATX_PlayerTitles_Suffix_Salesman	Salesman	Salesman	False	True	(blank condition)
SeventySix.esm	00803E26	ATX_PlayerTitles_Suffix_Saleswoman	Saleswoman	Saleswoman	False	True	(blank condition)
SeventySix.esm	00804BB1	ATX_PlayerTitles_Prefix_Weekend	Weekend	Weekend	True	False	(blank condition)
SeventySix.esm	00804BB2	ATX_PlayerTitles_Prefix_Tiki	Tiki	Tiki	True	False	(blank condition)
SeventySix.esm	00804F5D	ATX_PlayerTitles_Suffix_Marauder	Marauder	Marauder	False	True	(blank condition)
SeventySix.esm	00829431	SCORE_MiniSeason_2025_MMMFE_PlayerTitles_Prefix_Salty	Salty	Salty	True	False	(blank condition)
SeventySix.esm	00836C48	ATX_PlayerTitles_Suffix_Conductor	Conductor	Conductor	False	True	(blank condition)
SeventySix.esm	0083C317	SCORE_MiniSeason_2025_MMMFE_PlayerTitles_Suffix_MarshalMalow	Marshal Mallow	Marshal Mallow	False	True	(blank condition)
SeventySix.esm	00848BED	ATX_PlayerTitles_Suffix_Specialist	Specialist	Specialist	False	True	(blank condition)
SeventySix.esm	00848BEB	ATX_PlayerTitles_Prefix_Offroad	Offroad	Offroad	True	False	(blank condition)
SeventySix.esm	00848BEC	ATX_PlayerTitles_Both_Power	Power	Power	True	True	(blank condition)
SeventySix.esm	008494B2	SCORE_S22_PlayerTitles_Suffix_Housewife	Housewife	Housewife	False	True	(blank condition)
SeventySix.esm	008494AE	SCORE_S22_PlayerTitles_Prefix_WellRead	Well-Read	Well-Read	True	False	(blank condition)
SeventySix.esm	008494AC	SCORE_S22_PlayerTitles_Prefix_SqueakyClean	Squeaky-Clean	Squeaky-Clean	True	False	(blank condition)
SeventySix.esm	008494AB	SCORE_S22_PlayerTitles_Prefix_Saturnite	Saturnite	Saturnite	True	False	(blank condition)
SeventySix.esm	008494B3	SCORE_S22_PlayerTitles_Suffix_Househusband	Househusband	Househusband	False	True	(blank condition)
SeventySix.esm	008494AF	SCORE_S22_PlayerTitles_Suffix_Renovator	Renovator	Renovator	False	True	(blank condition)
SeventySix.esm	008494B0	SCORE_S22_PlayerTitles_Suffix_Deputy	Deputy	Deputy	False	True	(blank condition)
SeventySix.esm	008494AD	SCORE_S22_PlayerTitles_Prefix_Homecooked	Homecooked	Homecooked	True	False	(blank condition)
SeventySix.esm	008494B1	SCORE_S22_PlayerTitles_Suffix_Reader	Reader	Reader	False	True	(blank condition)
SeventySix.esm	0084CB03	ATX_PlayerTitles_Prefix_Heartened	Heartened	Heartened	True	False	(blank condition)
SeventySix.esm	00852D16	ATX_PlayerTitles_Suffix_Woodsman	Woodsman	Woodsman	False	True	(blank condition)
SeventySix.esm	00852D14	ATX_PlayerTitles_Prefix_Scorched	Scorched	Scorched	True	False	(blank condition)
SeventySix.esm	00852D13	ATX_PlayerTitles_Prefix_Screaming	Screaming	Screaming	True	False	(blank condition)
SeventySix.esm	00852D17	ATX_PlayerTitles_Suffix_Woodswoman	Woodswoman	Woodswoman	False	True	(blank condition)
SeventySix.esm	00852D18	ATX_PlayerTitles_Suffix_Wanderer	Wanderer	Wanderer	False	True	(blank condition)
SeventySix.esm	00852D15	ATX_PlayerTitles_Prefix_Thankful	Thankful	Thankful	True	False	(blank condition)
SeventySix.esm	00853560	Community_ATX_PlayerTitles_Suffix_RadFinalist	Rad Finalist	Rad Finalist	False	True	(blank condition)
SeventySix.esm	00853561	Community_ATX_PlayerTitles_Suffix_RebuildFinalist	Rebuild Finalist	Rebuild Finalist	False	True	(blank condition)
SeventySix.esm	00853562	Community_ATX_PlayerTitles_Suffix_FishingFinalist	Fishing Finalist	Fishing Finalist	False	True	(blank condition)
SeventySix.esm	00853D47	SCORE_MiniSeason_2025_NightAtTheMorgue_PlayerTitles_Suffix_Cadaver	Cadaver	Cadaver	False	True	(blank condition)
SeventySix.esm	00853D46	SCORE_MiniSeason_2025_NightAtTheMorgue_PlayerTitles_Prefix_Putrid	Putrid	Putrid	True	False	(blank condition)
SeventySix.esm	007F5AFE	PlayerTitles_Suffix_Hunter	Hunter	Hunter	False	True	None
SeventySix.esm	00843181	zzzBurnBounty_PlayerTitles_Prefix_Predator	Predator	Predator	True	False	(blank condition) | (blank condition)
SeventySix.esm	00843182	zzzBurnBounty_PlayerTitles_Prefix_Notorious	Notorious	Notorious	True	False	(blank condition) | (blank condition)
SeventySix.esm	0084A7BE	Burn_PlayerTitles_Prefix_Dusty	Dusty	Dusty	True	False	(blank condition)
SeventySix.esm	0084A7BF	Burn_PlayerTitles_Prefix_Spicy	Spicy	Spicy	True	False	(blank condition)
SeventySix.esm	0084A7C0	Burn_PlayerTitles_Prefix_Prickly	Prickly	Prickly	True	False	(blank condition)
SeventySix.esm	0084A7C1	Burn_PlayerTitles_Suffix_Gearsmith	Gearsmith	Gearsmith	False	True	(blank condition)
SeventySix.esm	0084A7C2	Burn_PlayerTitles_Suffix_Exterminator	Exterminator	Exterminator	False	True	(blank condition)
SeventySix.esm	0084A7C3	Burn_PlayerTitles_Both_Ogua	Ogua	Ogua	True	True	(blank condition)
SeventySix.esm	0084A7C4	Burn_PlayerTitles_Suffix_Remover	Remover	Remover	False	True	(blank condition)
SeventySix.esm	0084A7C5	Burn_PlayerTitles_Prefix_Sweaty	Sweaty	Sweaty	True	False	(blank condition)
SeventySix.esm	0084A7C6	Burn_PlayerTitles_Prefix_Burning	Burning	Burning	True	False	(blank condition)
SeventySix.esm	0084A7C7	Burn_PlayerTitles_Suffix_Buster	Buster	Buster	False	True	(blank condition)
SeventySix.esm	0084A7C8	Burn_PlayerTitles_Prefix_Rust	Rust	Rust	True	False	(blank condition)
SeventySix.esm	0084A7C9	Burn_PlayerTitles_Prefix_HogWild	Hog-wild	Hog-wild	True	False	(blank condition)
SeventySix.esm	0084CCE5	ATX_PlayerTitles_Prefix_Festive	Festive	Festive	True	False	(blank condition)
SeventySix.esm	008535D7	MILE_PlayerTitles_Suffix_CaravanInvestor	Caravan Investor	Caravan Investor	False	True	(blank condition)
SeventySix.esm	008599F8	ATX_PlayerTitles_Suffix_Constable	Constable	Constable	False	True	(blank condition)
SeventySix.esm	0085847F	ATX_PlayerTitles_Prefix_Lucky	Lucky	Lucky	True	False	(blank condition)
SeventySix.esm	0085AD22	SFS09_PlayerTitles_Suffix_Manager	Manager	Manager	False	True	(blank condition)
SeventySix.esm	0085AD23	SFS09_PlayerTitles_Suffix_Tamer	Tamer	Tamer	False	True	(blank condition)
SeventySix.esm	0085AD2E	E01B_PlayerTitles_Prefix_Suffix_Shepherd	Shepherd	Shepherd	True	True	(blank condition)
SeventySix.esm	0085AD2D	E01B_PlayerTitles_Prefix_Suffix_Herd	Herd	Herd	True	True	(blank condition)
SeventySix.esm	0085AD34	E05_PlayerTitles_Suffix_Scavenger	Scavenger	Scavenger	False	True	(blank condition)
SeventySix.esm	0085AD60	Storm_E01_PlayerTitles_Prefix_Charged	Charged	Charged	True	False	(blank condition)
SeventySix.esm	0085B0BD	SFS08_PlayerTitles_Prefix_Green	Green	Green	True	False	(blank condition)
SeventySix.esm	0085B0C5	MTNS06_PlayerTitles_Prefix_Suffix_Uranium	Uranium	Uranium	True	True	(blank condition)
SeventySix.esm	0085B0C4	MTNS06_PlayerTitles_Prefix_Feverish	Feverish	Feverish	True	False	(blank condition)
SeventySix.esm	0085B133	zzz_MTNS06_PlayerTitles_Prefix_Suffix_Uranium_Copy01	Uranium	Uranium	True	True	(blank condition)
SeventySix.esm	0085B132	MTNS06_PlayerTitles_Prefix_Feverish_Copy01	Feverish	Feverish	True	False	(blank condition)
SeventySix.esm	0085B1DF	FFZ10_PlayerTitles_Prefix_Bright	Bright	Bright	True	False	(blank condition)
SeventySix.esm	0085B1E2	E08A_PlayerTitles_Suffix_Shiner	Shiner	Shiner	False	True	(blank condition)
SeventySix.esm	0085B1E6	E08B_PlayerTitles_Prefix_Evicted	Evicted	Evicted	True	False	(blank condition)
SeventySix.esm	0085B1F7	MOON_PlayerTitles_Prefix_MoonaLisa	Moona Lisa's	Moona Lisa's	True	False	(blank condition)
SeventySix.esm	0085B1F8	MOON_PlayerTitles_Suffix_Beast	Beast	Beast	False	True	(blank condition)
SeventySix.esm	0085B1FD	TWZ05_PlayerTitles_Suffix_Suitor	Suitor	Suitor	False	True	(blank condition)
SeventySix.esm	0085B1FE	FF06_PlayerTitles_Suffix_Mama	Mama	Mama	False	True	(blank condition)
SeventySix.esm	0085B251	MTNM03_PlayerTitles_Prefix_Zen	Zen	Zen	True	False	(blank condition)
SeventySix.esm	0085B250	MTNM03_PlayerTitles_Suffix_Guru	Guru	Guru	False	True	(blank condition)
SeventySix.esm	0085B262	BoSr01_PlayerTitles_Prefix_Stalwart	Stalwart	Stalwart	True	False	(blank condition)
SeventySix.esm	0085B283	FFZ17_PlayerTitles_Prefix_Boiled	Boiled	Boiled	True	False	(blank condition)
SeventySix.esm	0085B285	FFZ17_PlayerTitles_Suffix_Steeped	Steeped	Steeped	False	True	(blank condition)
SeventySix.esm	0085B284	FFZ17_PlayerTitles_Prefix_WorldsLargest	World's Largest	World's Largest	True	False	(blank condition)
SeventySix.esm	0085B2AD	E09C_PlayerTitles_Suffix_Bride	Bride	Bride	False	True	(blank condition)
SeventySix.esm	0085B2AE	E09C_PlayerTitles_Suffix_Groom	Groom	Groom	False	True	(blank condition)
SeventySix.esm	0085B2B6	E09D_PlayerTitles_Prefix_Wanted	Wanted	Wanted	True	False	(blank condition)
SeventySix.esm	0085B2B5	E09D_PlayerTitles_Prefix_Sharpshooter	Sharpshooter	Sharpshooter	True	False	(blank condition)
SeventySix.esm	0085B2CF	ATX_PlayerTitles_Prefix_Derelict	Derelict	Derelict	True	False	(blank condition)
SeventySix.esm	0085B597	MOON_PlayerTitles_Prefix_Rigged	Rigged	Rigged	True	False	(blank condition)
SeventySix.esm	0085B596	MOON_PlayerTitles_Suffix_Tech	Tech	Tech	False	True	(blank condition)
SeventySix.esm	0085B60D	ATX_PlayerTitles_Suffix_Trooper	N.C.R. Trooper	N.C.R. Trooper	False	True	(blank condition)
SeventySix.esm	0085B60C	ATX_PlayerTitles_Suffix_Dinghy	Dinghy	Dinghy	False	True	(blank condition)
SeventySix.esm	00864517	Community_ATX_PlayerTitles_Suffix_SpookyFinalist	Spooky Finalist	Spooky Finalist	False	True	(blank condition)
SeventySix.esm	00865FA6	Community_ATX_PlayerTitles_Prefix_Hopeful	Hopeful	Hopeful	True	False	(blank condition)
SeventySix.esm	00867234	ATX_PlayerTitles_Suffix_Centurion	Centurion	Centurion	False	True	(blank condition)
SeventySix.esm	00868044	SCORE_S23_PlayerTitles_Prefix_Slashing	Slashing	Slashing	True	False	(blank condition)
SeventySix.esm	00868045	SCORE_S23_PlayerTitles_Suffix_Cutthroat	Cutthroat	Cutthroat	False	True	(blank condition)
SeventySix.esm	00868046	SCORE_S23_PlayerTitles_Suffix_Diehard	Diehard	Diehard	False	True	(blank condition)
SeventySix.esm	00868047	SCORE_S23_PlayerTitles_Suffix_Gourmand	Gourmand	Gourmand	False	True	(blank condition)
SeventySix.esm	00868048	SCORE_S23_PlayerTitles_Suffix_Trapper	Trapper	Trapper	False	True	(blank condition)
SeventySix.esm	0086803F	SCORE_S23_PlayerTitles_Suffix_Bandit	Bandit	Bandit	False	True	(blank condition)
SeventySix.esm	00868040	SCORE_S23_PlayerTitles_Prefix_Crushing	Crushing	Crushing	True	False	(blank condition)
SeventySix.esm	00868041	SCORE_S23_PlayerTitles_Prefix_Fiendish	Fiendish	Fiendish	True	False	(blank condition)
SeventySix.esm	00868043	SCORE_S23_PlayerTitles_Prefix_Skull	Skull	Skull	True	False	(blank condition)
SeventySix.esm	00868042	SCORE_S23_PlayerTitles_Prefix_Raiding	Raiding	Raiding	True	False	(blank condition)
SeventySix.esm	008680AD	SCORE_MiniSeason_2025_SunsetStranger_PlayerTitles_Suffix_Courier	Courier	Courier	False	True	(blank condition)
SeventySix.esm	008680AB	SCORE_MiniSeason_2025_SunsetStranger_PlayerTitles_Prefix_Sunset	Sunset	Sunset	True	False	(blank condition)
SeventySix.esm	008680AA	SCORE_MiniSeason_2025_SunsetStranger_PlayerTitles_Prefix_Sassy	Sassy	Sassy	True	False	(blank condition)
SeventySix.esm	008680AC	SCORE_MiniSeason_2025_SunsetStranger_PlayerTitles_Suffix_Stranger	Stranger	Stranger	False	True	(blank condition)
SeventySix.esm	0086A8A4	ATX_PlayerTitles_Suffix_HouseFinalist	House Finalist	House Finalist	False	True	(blank condition)
SeventySix.esm	0086A8A3	ATX_PlayerTitles_Suffix_RaiderFinalist	Raider Finalist	Raider Finalist	False	True	(blank condition)
SeventySix.esm	0085030C	ATX_PlayerTitles_Suffix_Prospector	Prospector	Prospector	False	True	(blank condition)
SeventySix.esm	008571F9	ATX_PlayerTitles_Suffix_Hero	Hero	Hero	False	True	(blank condition)
SeventySix.esm	00857223	ATX_PlayerTitles_Prefix_Suffix_Diamond	Diamond	Diamond	True	True	(blank condition)
SeventySix.esm	0085726D	ATX_PlayerTitles_Suffix_Whopper	Whopper	Whopper	False	True	(blank condition)
SeventySix.esm	00872E83	zzzATX_PlayerTitles_Suffix_Tribune	Tribune	Tribune	False	True	None
SeventySix.esm	00872E84	ATX_PlayerTitles_Prefix_Tribune	Tribune	Tribune	True	True	(blank condition)
SeventySix.esm	008952DE	MTRZ05_PlayerTitles_Prefix_Treasurer	Treasurer	Treasurer	True	False	None
SeventySix.esm	00890E5F	ATX_PlayerTitles_Prefix_AdVictoriam	Ad Victoriam	Ad Victoriam	True	False	(blank condition)
SeventySix.esm	00890E5E	ATX_PlayerTitles_Prefix_Mothborn	Mothborn	Mothborn	True	False	(blank condition)
SeventySix.esm	008989E3	SCORE_MiniSeason_LoveHurts_PlayerTitles_Suffix_Masochist	Masochist	Masochist	False	True	(blank condition)
SeventySix.esm	008989E4	SCORE_MiniSeason_LoveHurts_PlayerTitles_Prefix_Gruesome	Gruesome	Gruesome	True	False	(blank condition)
SeventySix.esm	008989E2	SCORE_MiniSeason_LoveHurts_PlayerTitles_Prefix_Infatuated	Infatuated	Infatuated	True	False	(blank condition)
SeventySix.esm	008A45C1	PlayerTitles_Lifetime_Suffix_Engineer	Engineer	Engineer	False	True	(blank condition)
SeventySix.esm	008A45BF	PlayerTitles_Lifetime_Suffix_Designer	Designer	Designer	False	True	(blank condition)
SeventySix.esm	008A45C0	PlayerTitles_Lifetime_Suffix_Architect	Architect	Architect	False	True	(blank condition)
SeventySix.esm	008AA956	PlayerTitles_Prefix_Uninvited	Uninvited	Uninvited	True	False	(blank condition)
SeventySix.esm	008AA955	PlayerTitles_Suffix_PartyCrasher	Party Crasher	Party Crasher	False	True	(blank condition)
SeventySix.esm	008ABF79	SCORE_S24_PlayerTitles_Prefix_Rip	Rip	Rip	True	False	(blank condition)
SeventySix.esm	008ABF7A	SCORE_S24_PlayerTitles_Prefix_Guinevere	Guinevere's	Guinevere's	True	False	(blank condition)
SeventySix.esm	008ABF7B	SCORE_S24_PlayerTitles_Both_Bigfoot	Bigfoot	Bigfoot	True	True	(blank condition)
SeventySix.esm	008ABF7C	SCORE_S24_PlayerTitles_Prefix_Armed	Armed	Armed	True	False	(blank condition)
SeventySix.esm	008ABF78	SCORE_S24_PlayerTitles_Both_Alien	Alien	Alien	True	True	(blank condition)
SeventySix.esm	008AEC68	SCORE_S24_PlayerTitles_Prefix_Interstellar	Interstellar	Interstellar	True	False	(blank condition)
SeventySix.esm	008AEC69	SCORE_S24_PlayerTitles_Both_CryptidHunter	Cryptid Hunter	Cryptid Hunter	True	True	(blank condition)
SeventySix.esm	008AEC6A	SCORE_S24_PlayerTitles_Suffix_Extraterrestrial	Extraterrestrial	Extraterrestrial	False	True	(blank condition)
SeventySix.esm	008AEC6C	SCORE_S24_PlayerTitles_Prefix_Space	Space	Space	True	False	(blank condition)
SeventySix.esm	008AEC6B	SCORE_S24_PlayerTitles_Suffix_Terrestrial	Terrestrial	Terrestrial	False	True	(blank condition)
